Job_ID,Machine_ID,Operation_Type,Material_Used,Processing_Time,Energy_Consumption,Machine_Availability,Scheduled_Start,Scheduled_End,Actual_Start,Actual_End,Job_Status,Optimization_Category
J991,M02,Milling,3.05,36,6.33,99,2023-03-25 05:00:00,2023-03-25 05:36:00,2023-03-25 04:56:00,2023-03-25 05:32:00,Completed,Low Efficiency
J090,M02,Lathe,2.38,27,12.34,99,2023-03-18 22:50:00,2023-03-18 23:17:00,2023-03-18 23:05:00,2023-03-18 23:32:00,Delayed,Low Efficiency
J703,M01,Additive,1.08,41,7.52,99,2023-03-23 05:00:00,2023-03-23 05:41:00,2023-03-23 05:05:00,2023-03-23 05:46:00,Completed,Moderate Efficiency
J168,M03,Grinding,4.51,37,12.54,99,2023-03-19 11:50:00,2023-03-19 12:27:00,2023-03-19 12:14:00,2023-03-19 12:51:00,Delayed,Low Efficiency
J387,M01,Grinding,3.21,42,4.47,99,2023-03-21 00:20:00,2023-03-21 01:02:00,2023-03-21 00:16:00,2023-03-21 00:58:00,Completed,Low Efficiency
J938,M02,Drilling,1.97,47,9.72,99,2023-03-24 20:10:00,2023-03-24 20:57:00,2023-03-24 20:13:00,2023-03-24 21:00:00,Completed,Moderate Efficiency
J877,M05,Milling,2.41,23,6.93,99,2023-03-24 10:00:00,2023-03-24 10:23:00,2023-03-24 10:28:00,2023-03-24 10:51:00,Delayed,Low Efficiency
J686,M03,Milling,4.76,37,5.02,98,2023-03-23 02:10:00,2023-03-23 02:47:00,2023-03-23 02:15:00,2023-03-23 02:52:00,Completed,High Efficiency
J958,M05,Grinding,3.02,44,2.83,98,2023-03-24 23:30:00,2023-03-25 00:14:00,2023-03-24 23:25:00,2023-03-25 00:09:00,Completed,Low Efficiency
J374,M02,Milling,3.88,48,7.49,98,2023-03-20 22:10:00,2023-03-20 22:58:00,2023-03-20 22:09:00,2023-03-20 22:57:00,Completed,Low Efficiency
J790,M05,Milling,4.43,28,8.66,98,2023-03-23 19:30:00,2023-03-23 19:58:00,2023-03-23 19:25:00,2023-03-23 19:53:00,Completed,Low Efficiency
J082,M01,Drilling,1.73,24,13.39,98,2023-03-18 21:30:00,2023-03-18 21:54:00,2023-03-18 21:26:00,2023-03-18 21:50:00,Completed,Low Efficiency
J557,M04,Drilling,3.61,44,4.66,98,2023-03-22 04:40:00,2023-03-22 05:24:00,2023-03-22 04:40:00,2023-03-22 05:24:00,Completed,High Efficiency
J574,M02,Milling,2.31,23,5.63,98,2023-03-22 07:30:00,2023-03-22 07:53:00,2023-03-22 07:29:00,2023-03-22 07:52:00,Completed,Low Efficiency
J380,M02,Lathe,3.25,46,4.7,98,2023-03-20 23:10:00,2023-03-20 23:56:00,2023-03-20 23:12:00,2023-03-20 23:58:00,Completed,High Efficiency
J413,M04,Grinding,1.53,22,4.23,98,2023-03-21 04:40:00,2023-03-21 05:02:00,2023-03-21 04:39:00,2023-03-21 05:01:00,Completed,Low Efficiency
J556,M05,Additive,3.93,36,5.37,98,2023-03-22 04:30:00,2023-03-22 05:06:00,,,Failed,Low Efficiency
J916,M01,Drilling,4.75,31,8.94,98,2023-03-24 16:30:00,2023-03-24 17:01:00,2023-03-24 16:32:00,2023-03-24 17:03:00,Completed,Moderate Efficiency
J477,M01,Drilling,1.23,35,14.52,98,2023-03-21 15:20:00,2023-03-21 15:55:00,2023-03-21 15:15:00,2023-03-21 15:50:00,Completed,Low Efficiency
J010,M01,Drilling,2.1,27,3.66,97,2023-03-18 09:30:00,2023-03-18 09:57:00,2023-03-18 09:54:00,2023-03-18 10:21:00,Delayed,Low Efficiency
J965,M02,Drilling,2.38,43,12.77,97,2023-03-25 00:40:00,2023-03-25 01:23:00,2023-03-25 00:43:00,2023-03-25 01:26:00,Completed,Moderate Efficiency
J467,M01,Grinding,1.76,37,10.63,97,2023-03-21 13:40:00,2023-03-21 14:17:00,2023-03-21 13:38:00,2023-03-21 14:15:00,Completed,Low Efficiency
J040,M01,Lathe,2.29,50,9.94,97,2023-03-18 14:30:00,2023-03-18 15:20:00,2023-03-18 14:29:00,2023-03-18 15:19:00,Completed,Low Efficiency
J360,M05,Additive,1.81,29,8.0,97,2023-03-20 19:50:00,2023-03-20 20:19:00,2023-03-20 19:55:00,2023-03-20 20:24:00,Completed,Moderate Efficiency
J461,M02,Drilling,4.06,50,9.95,97,2023-03-21 12:40:00,2023-03-21 13:30:00,2023-03-21 12:41:00,2023-03-21 13:31:00,Completed,Moderate Efficiency
J145,M05,Lathe,4.02,22,7.26,97,2023-03-19 08:00:00,2023-03-19 08:22:00,2023-03-19 08:05:00,2023-03-19 08:27:00,Completed,Moderate Efficiency
J236,M02,Lathe,4.49,26,7.84,97,2023-03-19 23:10:00,2023-03-19 23:36:00,2023-03-19 23:10:00,2023-03-19 23:36:00,Completed,High Efficiency
J190,M04,Milling,1.94,50,10.25,97,2023-03-19 15:30:00,2023-03-19 16:20:00,2023-03-19 15:56:00,2023-03-19 16:46:00,Delayed,Low Efficiency
J724,M01,Additive,2.69,32,9.08,97,2023-03-23 08:30:00,2023-03-23 09:02:00,2023-03-23 08:32:00,2023-03-23 09:04:00,Completed,Moderate Efficiency
J665,M02,Lathe,1.12,45,7.92,97,2023-03-22 22:40:00,2023-03-22 23:25:00,2023-03-22 22:40:00,2023-03-22 23:25:00,Completed,High Efficiency
J331,M04,Additive,4.45,27,5.78,97,2023-03-20 15:00:00,2023-03-20 15:27:00,2023-03-20 14:55:00,2023-03-20 15:22:00,Completed,Low Efficiency
J274,M05,Lathe,2.17,20,4.29,97,2023-03-20 05:30:00,2023-03-20 05:50:00,2023-03-20 05:29:00,2023-03-20 05:49:00,Completed,Low Efficiency
J922,M02,Drilling,1.62,46,4.17,97,2023-03-24 17:30:00,2023-03-24 18:16:00,2023-03-24 17:30:00,2023-03-24 18:16:00,Completed,High Efficiency
J996,M02,Milling,4.86,50,3.71,97,2023-03-25 05:50:00,2023-03-25 06:40:00,,,Failed,Low Efficiency
J945,M04,Lathe,3.1,33,2.46,97,2023-03-24 21:20:00,2023-03-24 21:53:00,2023-03-24 21:45:00,2023-03-24 22:18:00,Delayed,Low Efficiency
J026,M01,Additive,1.14,21,3.89,97,2023-03-18 12:10:00,2023-03-18 12:31:00,2023-03-18 12:10:00,2023-03-18 12:31:00,Completed,High Efficiency
J388,M05,Milling,1.2,24,11.46,97,2023-03-21 00:30:00,2023-03-21 00:54:00,2023-03-21 00:28:00,2023-03-21 00:52:00,Completed,Low Efficiency
J845,M04,Lathe,2.1,40,14.19,97,2023-03-24 04:40:00,2023-03-24 05:20:00,2023-03-24 04:41:00,2023-03-24 05:21:00,Completed,Moderate Efficiency
J789,M02,Grinding,4.76,25,13.34,97,2023-03-23 19:20:00,2023-03-23 19:45:00,,,Failed,Low Efficiency
J684,M03,Grinding,1.46,28,13.43,96,2023-03-23 01:50:00,2023-03-23 02:18:00,2023-03-23 01:46:00,2023-03-23 02:14:00,Completed,Low Efficiency
J816,M05,Milling,3.58,34,14.45,96,2023-03-23 23:50:00,2023-03-24 00:24:00,2023-03-23 23:53:00,2023-03-24 00:27:00,Completed,Moderate Efficiency
J252,M05,Milling,4.59,38,13.14,96,2023-03-20 01:50:00,2023-03-20 02:28:00,2023-03-20 01:46:00,2023-03-20 02:24:00,Completed,Low Efficiency
J746,M03,Milling,1.14,30,7.66,96,2023-03-23 12:10:00,2023-03-23 12:40:00,2023-03-23 12:13:00,2023-03-23 12:43:00,Completed,High Efficiency
J982,M01,Additive,1.29,27,13.25,96,2023-03-25 03:30:00,2023-03-25 03:57:00,2023-03-25 03:29:00,2023-03-25 03:56:00,Completed,Low Efficiency
J031,M03,Grinding,1.7,37,3.21,96,2023-03-18 13:00:00,2023-03-18 13:37:00,2023-03-18 13:02:00,2023-03-18 13:39:00,Completed,High Efficiency
J939,M02,Drilling,3.28,50,7.97,96,2023-03-24 20:20:00,2023-03-24 21:10:00,2023-03-24 20:45:00,2023-03-24 21:35:00,Delayed,Low Efficiency
J100,M02,Grinding,2.71,27,12.24,96,2023-03-19 00:30:00,2023-03-19 00:57:00,2023-03-19 00:35:00,2023-03-19 01:02:00,Completed,Moderate Efficiency
J933,M02,Lathe,4.01,49,4.23,96,2023-03-24 19:20:00,2023-03-24 20:09:00,2023-03-24 19:19:00,2023-03-24 20:08:00,Completed,Low Efficiency
J675,M03,Grinding,3.67,25,4.14,96,2023-03-23 00:20:00,2023-03-23 00:45:00,,,Failed,Low Efficiency
J729,M04,Lathe,4.22,49,4.45,96,2023-03-23 09:20:00,2023-03-23 10:09:00,2023-03-23 09:47:00,2023-03-23 10:36:00,Delayed,Low Efficiency
J401,M04,Grinding,4.27,49,8.1,96,2023-03-21 02:40:00,2023-03-21 03:29:00,,,Failed,Low Efficiency
J283,M01,Additive,1.52,37,9.47,96,2023-03-20 07:00:00,2023-03-20 07:37:00,2023-03-20 06:57:00,2023-03-20 07:34:00,Completed,Low Efficiency
J295,M02,Additive,2.46,39,10.97,96,2023-03-20 09:00:00,2023-03-20 09:39:00,2023-03-20 09:04:00,2023-03-20 09:43:00,Completed,Moderate Efficiency
J303,M05,Additive,1.5,38,6.46,96,2023-03-20 10:20:00,2023-03-20 10:58:00,2023-03-20 10:18:00,2023-03-20 10:56:00,Completed,Low Efficiency
J013,M03,Lathe,3.1,43,5.55,95,2023-03-18 10:00:00,2023-03-18 10:43:00,2023-03-18 10:05:00,2023-03-18 10:48:00,Completed,High Efficiency
J291,M03,Milling,5.0,26,12.76,95,2023-03-20 08:20:00,2023-03-20 08:46:00,2023-03-20 08:20:00,2023-03-20 08:46:00,Completed,Moderate Efficiency
J259,M03,Lathe,2.91,24,7.41,95,2023-03-20 03:00:00,2023-03-20 03:24:00,2023-03-20 02:58:00,2023-03-20 03:22:00,Completed,Low Efficiency
J260,M04,Milling,4.35,47,4.55,95,2023-03-20 03:10:00,2023-03-20 03:57:00,,,Failed,Low Efficiency
J216,M01,Lathe,3.51,42,10.46,95,2023-03-19 19:50:00,2023-03-19 20:32:00,2023-03-19 19:50:00,2023-03-19 20:32:00,Completed,Moderate Efficiency
J707,M04,Milling,4.77,41,6.24,95,2023-03-23 05:40:00,2023-03-23 06:21:00,2023-03-23 05:52:00,2023-03-23 06:33:00,Delayed,Low Efficiency
J071,M04,Milling,2.62,25,7.29,95,2023-03-18 19:40:00,2023-03-18 20:05:00,2023-03-18 19:38:00,2023-03-18 20:03:00,Completed,Low Efficiency
J885,M05,Drilling,4.98,45,8.68,95,2023-03-24 11:20:00,2023-03-24 12:05:00,2023-03-24 11:25:00,2023-03-24 12:10:00,Completed,Moderate Efficiency
J400,M02,Grinding,4.34,24,2.23,95,2023-03-21 02:30:00,2023-03-21 02:54:00,2023-03-21 03:00:00,2023-03-21 03:24:00,Delayed,Low Efficiency
J485,M03,Lathe,3.38,34,9.0,95,2023-03-21 16:40:00,2023-03-21 17:14:00,2023-03-21 16:36:00,2023-03-21 17:10:00,Completed,Low Efficiency
J042,M04,Additive,1.55,48,13.57,95,2023-03-18 14:50:00,2023-03-18 15:38:00,2023-03-18 14:47:00,2023-03-18 15:35:00,Completed,Low Efficiency
J555,M02,Additive,1.61,37,12.3,95,2023-03-22 04:20:00,2023-03-22 04:57:00,2023-03-22 04:30:00,2023-03-22 05:07:00,Delayed,Low Efficiency
J038,M01,Grinding,4.77,43,4.98,94,2023-03-18 14:10:00,2023-03-18 14:53:00,2023-03-18 14:10:00,2023-03-18 14:53:00,Completed,High Efficiency
J167,M01,Grinding,1.29,35,7.2,94,2023-03-19 11:40:00,2023-03-19 12:15:00,2023-03-19 11:45:00,2023-03-19 12:20:00,Completed,Moderate Efficiency
J702,M05,Lathe,3.85,45,14.9,94,2023-03-23 04:50:00,2023-03-23 05:35:00,2023-03-23 05:02:00,2023-03-23 05:47:00,Delayed,Low Efficiency
J690,M05,Lathe,3.73,40,10.82,94,2023-03-23 02:50:00,2023-03-23 03:30:00,2023-03-23 03:03:00,2023-03-23 03:43:00,Delayed,Low Efficiency
J520,M04,Additive,3.26,34,6.56,94,2023-03-21 22:30:00,2023-03-21 23:04:00,,,Failed,Low Efficiency
J668,M01,Additive,3.36,29,11.77,94,2023-03-22 23:10:00,2023-03-22 23:39:00,2023-03-22 23:06:00,2023-03-22 23:35:00,Completed,Low Efficiency
J694,M01,Drilling,2.77,23,9.15,94,2023-03-23 03:30:00,2023-03-23 03:53:00,2023-03-23 03:34:00,2023-03-23 03:57:00,Completed,Moderate Efficiency
J736,M05,Grinding,2.13,27,6.99,94,2023-03-23 10:30:00,2023-03-23 10:57:00,2023-03-23 10:29:00,2023-03-23 10:56:00,Completed,Low Efficiency
J310,M04,Grinding,2.35,50,8.24,94,2023-03-20 11:30:00,2023-03-20 12:20:00,2023-03-20 11:29:00,2023-03-20 12:19:00,Completed,Low Efficiency
J669,M03,Additive,3.22,39,5.85,94,2023-03-22 23:20:00,2023-03-22 23:59:00,2023-03-22 23:15:00,2023-03-22 23:54:00,Completed,Low Efficiency
J932,M01,Lathe,3.5,41,8.53,94,2023-03-24 19:10:00,2023-03-24 19:51:00,,,Failed,Low Efficiency
J616,M01,Additive,1.45,45,6.11,93,2023-03-22 14:30:00,2023-03-22 15:15:00,,,Failed,Low Efficiency
J662,M03,Milling,1.73,30,4.05,93,2023-03-22 22:10:00,2023-03-22 22:40:00,2023-03-22 22:32:00,2023-03-22 23:02:00,Delayed,Low Efficiency
J489,M04,Lathe,1.82,37,4.17,93,2023-03-21 17:20:00,2023-03-21 17:57:00,2023-03-21 17:22:00,2023-03-21 17:59:00,Completed,High Efficiency
J585,M05,Lathe,4.47,41,5.15,93,2023-03-22 09:20:00,2023-03-22 10:01:00,,,Failed,Low Efficiency
J741,M01,Drilling,3.46,38,12.99,93,2023-03-23 11:20:00,2023-03-23 11:58:00,,,Failed,Low Efficiency
J630,M05,Additive,4.02,39,6.18,93,2023-03-22 16:50:00,2023-03-22 17:29:00,2023-03-22 17:13:00,2023-03-22 17:52:00,Delayed,Low Efficiency
J367,M05,Drilling,3.64,38,12.38,93,2023-03-20 21:00:00,2023-03-20 21:38:00,2023-03-20 21:02:00,2023-03-20 21:40:00,Completed,Moderate Efficiency
J584,M05,Additive,2.4,32,4.86,93,2023-03-22 09:10:00,2023-03-22 09:42:00,,,Failed,Low Efficiency
J366,M03,Drilling,1.15,47,12.4,92,2023-03-20 20:50:00,2023-03-20 21:37:00,2023-03-20 20:52:00,2023-03-20 21:39:00,Completed,Moderate Efficiency
J370,M04,Milling,4.43,47,14.26,92,2023-03-20 21:30:00,2023-03-20 22:17:00,,,Failed,Low Efficiency
J139,M03,Additive,4.04,45,4.48,92,2023-03-19 07:00:00,2023-03-19 07:45:00,2023-03-19 07:02:00,2023-03-19 07:47:00,Completed,High Efficiency
J804,M03,Milling,3.31,34,3.84,92,2023-03-23 21:50:00,2023-03-23 22:24:00,2023-03-23 21:46:00,2023-03-23 22:20:00,Completed,Low Efficiency
J890,M01,Drilling,2.53,30,13.66,92,2023-03-24 12:10:00,2023-03-24 12:40:00,2023-03-24 12:09:00,2023-03-24 12:39:00,Completed,Low Efficiency
J101,M05,Additive,4.8,37,4.73,92,2023-03-19 00:40:00,2023-03-19 01:17:00,2023-03-19 00:37:00,2023-03-19 01:14:00,Completed,Low Efficiency
J917,M04,Grinding,2.11,40,6.24,92,2023-03-24 16:40:00,2023-03-24 17:20:00,2023-03-24 16:35:00,2023-03-24 17:15:00,Completed,Low Efficiency
J811,M01,Drilling,1.25,29,7.98,92,2023-03-23 23:00:00,2023-03-23 23:29:00,2023-03-23 23:05:00,2023-03-23 23:34:00,Completed,Moderate Efficiency
J758,M04,Drilling,1.9,32,2.32,92,2023-03-23 14:10:00,2023-03-23 14:42:00,2023-03-23 14:15:00,2023-03-23 14:47:00,Completed,High Efficiency
J821,M04,Drilling,4.17,24,8.58,92,2023-03-24 00:40:00,2023-03-24 01:04:00,2023-03-24 00:44:00,2023-03-24 01:08:00,Completed,Moderate Efficiency
J550,M02,Lathe,2.98,31,6.28,92,2023-03-22 03:30:00,2023-03-22 04:01:00,2023-03-22 03:35:00,2023-03-22 04:06:00,Completed,High Efficiency
J974,M05,Additive,2.81,41,14.04,92,2023-03-25 02:10:00,2023-03-25 02:51:00,2023-03-25 02:33:00,2023-03-25 03:14:00,Delayed,Low Efficiency
J495,M01,Drilling,2.42,44,6.16,92,2023-03-21 18:20:00,2023-03-21 19:04:00,2023-03-21 18:20:00,2023-03-21 19:04:00,Completed,High Efficiency
J775,M03,Lathe,4.73,34,3.0,92,2023-03-23 17:00:00,2023-03-23 17:34:00,2023-03-23 17:05:00,2023-03-23 17:39:00,Completed,High Efficiency
J175,M04,Lathe,4.82,40,8.16,92,2023-03-19 13:00:00,2023-03-19 13:40:00,,,Failed,Low Efficiency
J169,M03,Lathe,1.36,23,7.11,92,2023-03-19 12:00:00,2023-03-19 12:23:00,2023-03-19 12:00:00,2023-03-19 12:23:00,Completed,High Efficiency
J777,M02,Additive,1.25,44,12.18,92,2023-03-23 17:20:00,2023-03-23 18:04:00,2023-03-23 17:36:00,2023-03-23 18:20:00,Delayed,Low Efficiency
J254,M05,Milling,1.32,38,14.38,92,2023-03-20 02:10:00,2023-03-20 02:48:00,2023-03-20 02:38:00,2023-03-20 03:16:00,Delayed,Low Efficiency
J324,M05,Lathe,3.12,21,11.65,92,2023-03-20 13:50:00,2023-03-20 14:11:00,2023-03-20 14:05:00,2023-03-20 14:26:00,Delayed,Low Efficiency
J320,M04,Grinding,2.91,39,2.7,92,2023-03-20 13:10:00,2023-03-20 13:49:00,2023-03-20 13:14:00,2023-03-20 13:53:00,Completed,High Efficiency
J497,M01,Drilling,4.94,23,10.07,92,2023-03-21 18:40:00,2023-03-21 19:03:00,2023-03-21 18:41:00,2023-03-21 19:04:00,Completed,Moderate Efficiency
J415,M02,Lathe,1.15,33,7.35,92,2023-03-21 05:00:00,2023-03-21 05:33:00,2023-03-21 05:25:00,2023-03-21 05:58:00,Delayed,Low Efficiency
J240,M02,Grinding,3.88,22,9.51,92,2023-03-19 23:50:00,2023-03-20 00:12:00,,,Failed,Low Efficiency
J300,M04,Additive,3.42,20,6.24,92,2023-03-20 09:50:00,2023-03-20 10:10:00,2023-03-20 09:51:00,2023-03-20 10:11:00,Completed,High Efficiency
J892,M02,Drilling,4.65,43,14.03,91,2023-03-24 12:30:00,2023-03-24 13:13:00,2023-03-24 12:31:00,2023-03-24 13:14:00,Completed,Moderate Efficiency
J913,M05,Additive,2.37,31,12.76,91,2023-03-24 16:00:00,2023-03-24 16:31:00,2023-03-24 15:56:00,2023-03-24 16:27:00,Completed,Low Efficiency
J983,M05,Lathe,2.85,46,14.1,91,2023-03-25 03:40:00,2023-03-25 04:26:00,2023-03-25 03:51:00,2023-03-25 04:37:00,Delayed,Low Efficiency
J905,M03,Lathe,2.79,48,7.14,91,2023-03-24 14:40:00,2023-03-24 15:28:00,2023-03-24 14:42:00,2023-03-24 15:30:00,Completed,High Efficiency
J120,M04,Lathe,1.22,33,5.5,91,2023-03-19 03:50:00,2023-03-19 04:23:00,2023-03-19 03:54:00,2023-03-19 04:27:00,Completed,High Efficiency
J491,M01,Milling,3.67,36,13.87,91,2023-03-21 17:40:00,2023-03-21 18:16:00,2023-03-21 17:40:00,2023-03-21 18:16:00,Completed,Moderate Efficiency
J121,M05,Additive,4.13,39,8.06,91,2023-03-19 04:00:00,2023-03-19 04:39:00,2023-03-19 03:56:00,2023-03-19 04:35:00,Completed,Low Efficiency
J020,M05,Lathe,1.39,42,14.19,91,2023-03-18 11:10:00,2023-03-18 11:52:00,2023-03-18 11:15:00,2023-03-18 11:57:00,Completed,Moderate Efficiency
J548,M04,Additive,2.81,21,5.14,91,2023-03-22 03:10:00,2023-03-22 03:31:00,2023-03-22 03:10:00,2023-03-22 03:31:00,Completed,High Efficiency
J714,M04,Milling,1.5,42,5.4,91,2023-03-23 06:50:00,2023-03-23 07:32:00,2023-03-23 07:14:00,2023-03-23 07:56:00,Delayed,Low Efficiency
J825,M02,Milling,4.86,33,14.0,91,2023-03-24 01:20:00,2023-03-24 01:53:00,,,Failed,Low Efficiency
J215,M02,Milling,4.79,43,6.1,91,2023-03-19 19:40:00,2023-03-19 20:23:00,2023-03-19 19:44:00,2023-03-19 20:27:00,Completed,High Efficiency
J244,M03,Grinding,3.75,42,10.91,91,2023-03-20 00:30:00,2023-03-20 01:12:00,2023-03-20 00:50:00,2023-03-20 01:32:00,Delayed,Low Efficiency
J128,M04,Grinding,3.24,40,10.06,91,2023-03-19 05:10:00,2023-03-19 05:50:00,2023-03-19 05:08:00,2023-03-19 05:48:00,Completed,Low Efficiency
J501,M02,Lathe,1.3,48,6.1,91,2023-03-21 19:20:00,2023-03-21 20:08:00,2023-03-21 19:20:00,2023-03-21 20:08:00,Completed,High Efficiency
J954,M01,Grinding,4.54,39,3.74,91,2023-03-24 22:50:00,2023-03-24 23:29:00,2023-03-24 22:45:00,2023-03-24 23:24:00,Completed,Low Efficiency
J596,M02,Additive,4.69,21,3.03,91,2023-03-22 11:10:00,2023-03-22 11:31:00,2023-03-22 11:14:00,2023-03-22 11:35:00,Completed,High Efficiency
J417,M01,Drilling,4.98,50,6.94,91,2023-03-21 05:20:00,2023-03-21 06:10:00,,,Failed,Low Efficiency
J605,M04,Additive,1.43,25,9.27,91,2023-03-22 12:40:00,2023-03-22 13:05:00,2023-03-22 12:43:00,2023-03-22 13:08:00,Completed,Moderate Efficiency
J624,M03,Additive,1.92,29,14.55,91,2023-03-22 15:50:00,2023-03-22 16:19:00,2023-03-22 15:52:00,2023-03-22 16:21:00,Completed,Moderate Efficiency
J384,M01,Grinding,2.66,50,11.62,91,2023-03-20 23:50:00,2023-03-21 00:40:00,2023-03-20 23:49:00,2023-03-21 00:39:00,Completed,Low Efficiency
J969,M02,Drilling,4.5,32,8.68,91,2023-03-25 01:20:00,2023-03-25 01:52:00,2023-03-25 01:47:00,2023-03-25 02:19:00,Delayed,Low Efficiency
J886,M04,Drilling,3.75,25,9.4,90,2023-03-24 11:30:00,2023-03-24 11:55:00,2023-03-24 11:25:00,2023-03-24 11:50:00,Completed,Low Efficiency
J246,M01,Milling,1.69,40,3.02,90,2023-03-20 00:50:00,2023-03-20 01:30:00,2023-03-20 00:48:00,2023-03-20 01:28:00,Completed,Low Efficiency
J065,M03,Grinding,2.71,23,6.8,90,2023-03-18 18:40:00,2023-03-18 19:03:00,,,Failed,Low Efficiency
J642,M04,Lathe,4.66,43,11.89,90,2023-03-22 18:50:00,2023-03-22 19:33:00,2023-03-22 19:14:00,2023-03-22 19:57:00,Delayed,Low Efficiency
J683,M04,Grinding,2.22,46,6.99,90,2023-03-23 01:40:00,2023-03-23 02:26:00,2023-03-23 01:35:00,2023-03-23 02:21:00,Completed,Low Efficiency
J414,M03,Grinding,3.26,31,2.08,90,2023-03-21 04:50:00,2023-03-21 05:21:00,2023-03-21 05:03:00,2023-03-21 05:34:00,Delayed,Low Efficiency
J537,M02,Lathe,3.05,48,13.96,90,2023-03-22 01:20:00,2023-03-22 02:08:00,2023-03-22 01:15:00,2023-03-22 02:03:00,Completed,Low Efficiency
J535,M02,Drilling,4.9,45,6.96,90,2023-03-22 01:00:00,2023-03-22 01:45:00,2023-03-22 00:56:00,2023-03-22 01:41:00,Completed,Low Efficiency
J471,M01,Lathe,1.72,22,2.3,90,2023-03-21 14:20:00,2023-03-21 14:42:00,2023-03-21 14:25:00,2023-03-21 14:47:00,Completed,High Efficiency
J516,M01,Drilling,4.83,50,4.77,90,2023-03-21 21:50:00,2023-03-21 22:40:00,,,Failed,Low Efficiency
J478,M05,Milling,3.89,34,7.69,90,2023-03-21 15:30:00,2023-03-21 16:04:00,2023-03-21 15:57:00,2023-03-21 16:31:00,Delayed,Low Efficiency
J051,M04,Lathe,4.25,24,7.26,90,2023-03-18 16:20:00,2023-03-18 16:44:00,,,Failed,Low Efficiency
J942,M04,Additive,4.73,20,4.97,90,2023-03-24 20:50:00,2023-03-24 21:10:00,2023-03-24 20:50:00,2023-03-24 21:10:00,Completed,High Efficiency
J946,M01,Lathe,1.94,45,2.43,90,2023-03-24 21:30:00,2023-03-24 22:15:00,2023-03-24 21:27:00,2023-03-24 22:12:00,Completed,Low Efficiency
J944,M02,Additive,4.31,43,6.5,90,2023-03-24 21:10:00,2023-03-24 21:53:00,2023-03-24 21:40:00,2023-03-24 22:23:00,Delayed,Low Efficiency
J542,M03,Drilling,3.57,47,13.17,89,2023-03-22 02:10:00,2023-03-22 02:57:00,2023-03-22 02:12:00,2023-03-22 02:59:00,Completed,Moderate Efficiency
J465,M01,Milling,4.19,28,2.46,89,2023-03-21 13:20:00,2023-03-21 13:48:00,,,Failed,Low Efficiency
J968,M03,Milling,3.55,32,13.1,89,2023-03-25 01:10:00,2023-03-25 01:42:00,2023-03-25 01:15:00,2023-03-25 01:47:00,Completed,Moderate Efficiency
J159,M02,Milling,1.15,46,3.01,89,2023-03-19 10:20:00,2023-03-19 11:06:00,2023-03-19 10:22:00,2023-03-19 11:08:00,Completed,High Efficiency
J798,M03,Milling,3.76,44,10.31,89,2023-03-23 20:50:00,2023-03-23 21:34:00,2023-03-23 20:55:00,2023-03-23 21:39:00,Completed,Moderate Efficiency
J655,M04,Milling,4.76,46,4.61,89,2023-03-22 21:00:00,2023-03-22 21:46:00,2023-03-22 20:59:00,2023-03-22 21:45:00,Completed,Low Efficiency
J545,M05,Lathe,4.19,50,6.67,89,2023-03-22 02:40:00,2023-03-22 03:30:00,2023-03-22 02:39:00,2023-03-22 03:29:00,Completed,Low Efficiency
J433,M04,Milling,1.52,46,9.54,89,2023-03-21 08:00:00,2023-03-21 08:46:00,2023-03-21 07:56:00,2023-03-21 08:42:00,Completed,Low Efficiency
J251,M01,Milling,1.02,21,8.57,89,2023-03-20 01:40:00,2023-03-20 02:01:00,2023-03-20 01:37:00,2023-03-20 01:58:00,Completed,Low Efficiency
J645,M01,Milling,2.32,50,8.42,89,2023-03-22 19:20:00,2023-03-22 20:10:00,2023-03-22 19:33:00,2023-03-22 20:23:00,Delayed,Low Efficiency
J012,M03,Grinding,2.71,28,8.08,88,2023-03-18 09:50:00,2023-03-18 10:18:00,2023-03-18 10:15:00,2023-03-18 10:43:00,Delayed,Low Efficiency
J780,M03,Grinding,2.3,31,14.58,88,2023-03-23 17:50:00,2023-03-23 18:21:00,2023-03-23 18:00:00,2023-03-23 18:31:00,Delayed,Low Efficiency
J866,M01,Grinding,4.32,33,2.47,88,2023-03-24 08:10:00,2023-03-24 08:43:00,2023-03-24 08:07:00,2023-03-24 08:40:00,Completed,Low Efficiency
J561,M04,Milling,1.65,44,8.3,88,2023-03-22 05:20:00,2023-03-22 06:04:00,2023-03-22 05:23:00,2023-03-22 06:07:00,Completed,Moderate Efficiency
J282,M03,Lathe,3.17,30,10.21,88,2023-03-20 06:50:00,2023-03-20 07:20:00,2023-03-20 06:52:00,2023-03-20 07:22:00,Completed,Moderate Efficiency
J371,M01,Lathe,2.29,32,4.38,88,2023-03-20 21:40:00,2023-03-20 22:12:00,2023-03-20 21:39:00,2023-03-20 22:11:00,Completed,Low Efficiency
J515,M03,Lathe,1.54,40,4.16,88,2023-03-21 21:40:00,2023-03-21 22:20:00,2023-03-21 22:07:00,2023-03-21 22:47:00,Delayed,Low Efficiency
J258,M05,Drilling,1.58,28,9.23,88,2023-03-20 02:50:00,2023-03-20 03:18:00,2023-03-20 02:49:00,2023-03-20 03:17:00,Completed,Low Efficiency
J299,M04,Drilling,1.42,23,3.92,88,2023-03-20 09:40:00,2023-03-20 10:03:00,2023-03-20 10:02:00,2023-03-20 10:25:00,Delayed,Low Efficiency
J528,M03,Grinding,3.58,28,7.02,88,2023-03-21 23:50:00,2023-03-22 00:18:00,,,Failed,Low Efficiency
J428,M05,Milling,3.22,37,11.13,88,2023-03-21 07:10:00,2023-03-21 07:47:00,2023-03-21 07:09:00,2023-03-21 07:46:00,Completed,Low Efficiency
J147,M03,Lathe,3.73,29,11.1,88,2023-03-19 08:20:00,2023-03-19 08:49:00,2023-03-19 08:49:00,2023-03-19 09:18:00,Delayed,Low Efficiency
J812,M05,Drilling,2.37,24,10.78,88,2023-03-23 23:10:00,2023-03-23 23:34:00,2023-03-23 23:14:00,2023-03-23 23:38:00,Completed,Moderate Efficiency
J197,M05,Drilling,1.01,21,9.75,88,2023-03-19 16:40:00,2023-03-19 17:01:00,2023-03-19 16:52:00,2023-03-19 17:13:00,Delayed,Low Efficiency
J745,M03,Drilling,2.97,35,5.72,88,2023-03-23 12:00:00,2023-03-23 12:35:00,2023-03-23 12:16:00,2023-03-23 12:51:00,Delayed,Low Efficiency
J005,M01,Lathe,1.9,46,8.13,88,2023-03-18 08:40:00,2023-03-18 09:26:00,2023-03-18 08:42:00,2023-03-18 09:28:00,Completed,High Efficiency
J869,M04,Lathe,4.81,39,13.37,88,2023-03-24 08:40:00,2023-03-24 09:19:00,2023-03-24 08:40:00,2023-03-24 09:19:00,Completed,Moderate Efficiency
J753,M01,Grinding,1.51,50,3.29,87,2023-03-23 13:20:00,2023-03-23 14:10:00,,,Failed,Low Efficiency
J737,M05,Lathe,2.04,20,10.93,87,2023-03-23 10:40:00,2023-03-23 11:00:00,2023-03-23 10:38:00,2023-03-23 10:58:00,Completed,Low Efficiency
J656,M02,Grinding,3.68,23,8.99,87,2023-03-22 21:10:00,2023-03-22 21:33:00,2023-03-22 21:10:00,2023-03-22 21:33:00,Completed,High Efficiency
J253,M01,Milling,4.49,43,9.9,87,2023-03-20 02:00:00,2023-03-20 02:43:00,2023-03-20 02:01:00,2023-03-20 02:44:00,Completed,Moderate Efficiency
J127,M04,Additive,4.22,27,6.94,87,2023-03-19 05:00:00,2023-03-19 05:27:00,2023-03-19 05:21:00,2023-03-19 05:48:00,Delayed,Low Efficiency
J143,M03,Additive,4.02,33,4.28,87,2023-03-19 07:40:00,2023-03-19 08:13:00,2023-03-19 08:06:00,2023-03-19 08:39:00,Delayed,Low Efficiency
J336,M05,Grinding,4.69,25,10.4,87,2023-03-20 15:50:00,2023-03-20 16:15:00,2023-03-20 15:48:00,2023-03-20 16:13:00,Completed,Low Efficiency
J144,M03,Milling,2.1,47,6.24,87,2023-03-19 07:50:00,2023-03-19 08:37:00,2023-03-19 07:45:00,2023-03-19 08:32:00,Completed,Low Efficiency
J148,M01,Lathe,3.74,39,9.65,87,2023-03-19 08:30:00,2023-03-19 09:09:00,2023-03-19 08:30:00,2023-03-19 09:09:00,Completed,High Efficiency
J085,M02,Lathe,3.38,44,3.35,87,2023-03-18 22:00:00,2023-03-18 22:44:00,2023-03-18 22:00:00,2023-03-18 22:44:00,Completed,High Efficiency
J704,M05,Lathe,4.1,39,9.13,87,2023-03-23 05:10:00,2023-03-23 05:49:00,2023-03-23 05:26:00,2023-03-23 06:05:00,Delayed,Low Efficiency
J007,M04,Milling,4.67,22,14.2,87,2023-03-18 09:00:00,2023-03-18 09:22:00,2023-03-18 09:04:00,2023-03-18 09:26:00,Completed,Moderate Efficiency
J640,M01,Lathe,1.78,36,6.59,86,2023-03-22 18:30:00,2023-03-22 19:06:00,2023-03-22 18:34:00,2023-03-22 19:10:00,Completed,High Efficiency
J039,M02,Drilling,4.06,48,10.65,86,2023-03-18 14:20:00,2023-03-18 15:08:00,,,Failed,Low Efficiency
J680,M02,Additive,3.12,24,11.09,86,2023-03-23 01:10:00,2023-03-23 01:34:00,2023-03-23 01:12:00,2023-03-23 01:36:00,Completed,Moderate Efficiency
J500,M03,Additive,1.39,48,9.05,86,2023-03-21 19:10:00,2023-03-21 19:58:00,,,Failed,Low Efficiency
J057,M02,Additive,1.04,31,6.53,86,2023-03-18 17:20:00,2023-03-18 17:51:00,2023-03-18 17:19:00,2023-03-18 17:50:00,Completed,Low Efficiency
J105,M03,Grinding,1.85,43,13.65,86,2023-03-19 01:20:00,2023-03-19 02:03:00,2023-03-19 01:18:00,2023-03-19 02:01:00,Completed,Low Efficiency
J898,M05,Additive,4.77,20,9.81,86,2023-03-24 13:30:00,2023-03-24 13:50:00,2023-03-24 13:51:00,2023-03-24 14:11:00,Delayed,Low Efficiency
J135,M01,Drilling,4.64,23,8.31,86,2023-03-19 06:20:00,2023-03-19 06:43:00,2023-03-19 06:21:00,2023-03-19 06:44:00,Completed,High Efficiency
J925,M02,Additive,3.4,30,5.58,86,2023-03-24 18:00:00,2023-03-24 18:30:00,2023-03-24 17:55:00,2023-03-24 18:25:00,Completed,Low Efficiency
J063,M02,Lathe,3.2,47,8.4,86,2023-03-18 18:20:00,2023-03-18 19:07:00,,,Failed,Low Efficiency
J189,M03,Drilling,3.38,50,11.6,86,2023-03-19 15:20:00,2023-03-19 16:10:00,2023-03-19 15:23:00,2023-03-19 16:13:00,Completed,Moderate Efficiency
J859,M04,Milling,3.95,28,10.09,86,2023-03-24 07:00:00,2023-03-24 07:28:00,2023-03-24 07:23:00,2023-03-24 07:51:00,Delayed,Low Efficiency
J580,M04,Milling,3.96,28,9.13,86,2023-03-22 08:30:00,2023-03-22 08:58:00,2023-03-22 08:27:00,2023-03-22 08:55:00,Completed,Low Efficiency
J418,M04,Grinding,1.35,40,8.17,86,2023-03-21 05:30:00,2023-03-21 06:10:00,2023-03-21 05:32:00,2023-03-21 06:12:00,Completed,High Efficiency
J910,M02,Additive,4.83,38,12.13,85,2023-03-24 15:30:00,2023-03-24 16:08:00,2023-03-24 15:28:00,2023-03-24 16:06:00,Completed,Low Efficiency
J760,M02,Drilling,1.66,26,6.33,85,2023-03-23 14:30:00,2023-03-23 14:56:00,2023-03-23 14:30:00,2023-03-23 14:56:00,Completed,High Efficiency
J214,M04,Grinding,2.39,36,4.59,85,2023-03-19 19:30:00,2023-03-19 20:06:00,2023-03-19 19:27:00,2023-03-19 20:03:00,Completed,Low Efficiency
J208,M01,Grinding,3.27,20,5.06,85,2023-03-19 18:30:00,2023-03-19 18:50:00,2023-03-19 18:30:00,2023-03-19 18:50:00,Completed,High Efficiency
J716,M05,Additive,3.67,27,3.19,85,2023-03-23 07:10:00,2023-03-23 07:37:00,2023-03-23 07:14:00,2023-03-23 07:41:00,Completed,High Efficiency
J185,M04,Grinding,2.0,50,6.07,85,2023-03-19 14:40:00,2023-03-19 15:30:00,2023-03-19 14:41:00,2023-03-19 15:31:00,Completed,High Efficiency
J682,M03,Milling,1.73,46,4.04,85,2023-03-23 01:30:00,2023-03-23 02:16:00,2023-03-23 01:26:00,2023-03-23 02:12:00,Completed,Low Efficiency
J345,M05,Lathe,3.07,37,6.03,85,2023-03-20 17:20:00,2023-03-20 17:57:00,,,Failed,Low Efficiency
J430,M05,Lathe,3.39,44,12.69,85,2023-03-21 07:30:00,2023-03-21 08:14:00,2023-03-21 07:31:00,2023-03-21 08:15:00,Completed,Moderate Efficiency
J046,M03,Milling,4.52,30,7.15,85,2023-03-18 15:30:00,2023-03-18 16:00:00,2023-03-18 15:54:00,2023-03-18 16:24:00,Delayed,Low Efficiency
J047,M02,Drilling,1.9,25,10.09,85,2023-03-18 15:40:00,2023-03-18 16:05:00,2023-03-18 15:44:00,2023-03-18 16:09:00,Completed,Moderate Efficiency
J652,M01,Additive,2.29,25,3.47,85,2023-03-22 20:30:00,2023-03-22 20:55:00,2023-03-22 20:35:00,2023-03-22 21:00:00,Completed,High Efficiency
J689,M03,Lathe,1.17,25,5.92,85,2023-03-23 02:40:00,2023-03-23 03:05:00,2023-03-23 02:44:00,2023-03-23 03:09:00,Completed,High Efficiency
J151,M02,Additive,4.41,20,13.63,85,2023-03-19 09:00:00,2023-03-19 09:20:00,,,Failed,Low Efficiency
J651,M01,Drilling,3.41,37,6.08,84,2023-03-22 20:20:00,2023-03-22 20:57:00,2023-03-22 20:39:00,2023-03-22 21:16:00,Delayed,Low Efficiency
J409,M05,Grinding,2.94,31,12.64,84,2023-03-21 04:00:00,2023-03-21 04:31:00,2023-03-21 04:14:00,2023-03-21 04:45:00,Delayed,Low Efficiency
J711,M04,Grinding,2.54,38,11.54,84,2023-03-23 06:20:00,2023-03-23 06:58:00,2023-03-23 06:18:00,2023-03-23 06:56:00,Completed,Low Efficiency
J067,M02,Lathe,3.28,23,3.79,84,2023-03-18 19:00:00,2023-03-18 19:23:00,2023-03-18 19:12:00,2023-03-18 19:35:00,Delayed,Low Efficiency
J129,M05,Grinding,2.07,45,7.75,84,2023-03-19 05:20:00,2023-03-19 06:05:00,2023-03-19 05:24:00,2023-03-19 06:09:00,Completed,Moderate Efficiency
J883,M02,Milling,2.12,43,3.75,84,2023-03-24 11:00:00,2023-03-24 11:43:00,2023-03-24 11:05:00,2023-03-24 11:48:00,Completed,High Efficiency
J269,M01,Grinding,1.49,25,4.0,84,2023-03-20 04:40:00,2023-03-20 05:05:00,2023-03-20 04:59:00,2023-03-20 05:24:00,Delayed,Low Efficiency
J727,M01,Grinding,2.08,30,12.34,84,2023-03-23 09:00:00,2023-03-23 09:30:00,2023-03-23 09:11:00,2023-03-23 09:41:00,Delayed,Low Efficiency
J353,M02,Additive,2.46,36,5.98,84,2023-03-20 18:40:00,2023-03-20 19:16:00,2023-03-20 18:43:00,2023-03-20 19:19:00,Completed,High Efficiency
J255,M01,Grinding,1.82,38,11.78,83,2023-03-20 02:20:00,2023-03-20 02:58:00,2023-03-20 02:18:00,2023-03-20 02:56:00,Completed,Low Efficiency
J271,M01,Grinding,1.78,21,7.47,83,2023-03-20 05:00:00,2023-03-20 05:21:00,2023-03-20 04:55:00,2023-03-20 05:16:00,Completed,Low Efficiency
J756,M03,Grinding,4.24,29,11.47,83,2023-03-23 13:50:00,2023-03-23 14:19:00,2023-03-23 13:48:00,2023-03-23 14:17:00,Completed,Low Efficiency
J952,M02,Lathe,1.69,24,10.01,83,2023-03-24 22:30:00,2023-03-24 22:54:00,2023-03-24 22:33:00,2023-03-24 22:57:00,Completed,Moderate Efficiency
J483,M03,Milling,4.0,33,3.04,83,2023-03-21 16:20:00,2023-03-21 16:53:00,2023-03-21 16:17:00,2023-03-21 16:50:00,Completed,Low Efficiency
J919,M05,Grinding,1.71,48,11.56,83,2023-03-24 17:00:00,2023-03-24 17:48:00,2023-03-24 17:05:00,2023-03-24 17:53:00,Completed,Moderate Efficiency
J391,M03,Lathe,2.59,35,4.83,83,2023-03-21 01:00:00,2023-03-21 01:35:00,2023-03-21 00:58:00,2023-03-21 01:33:00,Completed,Low Efficiency
J466,M01,Milling,4.8,21,11.49,83,2023-03-21 13:30:00,2023-03-21 13:51:00,2023-03-21 13:30:00,2023-03-21 13:51:00,Completed,Moderate Efficiency
J595,M05,Lathe,4.3,26,9.83,83,2023-03-22 11:00:00,2023-03-22 11:26:00,2023-03-22 10:57:00,2023-03-22 11:23:00,Completed,Low Efficiency
J362,M02,Drilling,1.25,50,12.64,83,2023-03-20 20:10:00,2023-03-20 21:00:00,2023-03-20 20:14:00,2023-03-20 21:04:00,Completed,Moderate Efficiency
J412,M01,Lathe,4.53,46,2.94,83,2023-03-21 04:30:00,2023-03-21 05:16:00,2023-03-21 04:47:00,2023-03-21 05:33:00,Delayed,Low Efficiency
J936,M05,Drilling,2.67,22,13.15,83,2023-03-24 19:50:00,2023-03-24 20:12:00,2023-03-24 19:54:00,2023-03-24 20:16:00,Completed,Moderate Efficiency
J035,M02,Drilling,2.05,47,12.12,82,2023-03-18 13:40:00,2023-03-18 14:27:00,2023-03-18 13:41:00,2023-03-18 14:28:00,Completed,Moderate Efficiency
J245,M02,Additive,2.86,25,2.84,82,2023-03-20 00:40:00,2023-03-20 01:05:00,2023-03-20 00:42:00,2023-03-20 01:07:00,Completed,High Efficiency
J431,M01,Grinding,2.09,48,2.15,82,2023-03-21 07:40:00,2023-03-21 08:28:00,2023-03-21 07:39:00,2023-03-21 08:27:00,Completed,Low Efficiency
J468,M05,Milling,1.8,42,9.42,82,2023-03-21 13:50:00,2023-03-21 14:32:00,2023-03-21 13:49:00,2023-03-21 14:31:00,Completed,Low Efficiency
J052,M05,Grinding,3.91,23,9.2,82,2023-03-18 16:30:00,2023-03-18 16:53:00,2023-03-18 16:27:00,2023-03-18 16:50:00,Completed,Low Efficiency
J522,M04,Lathe,2.81,24,11.99,82,2023-03-21 22:50:00,2023-03-21 23:14:00,2023-03-21 23:17:00,2023-03-21 23:41:00,Delayed,Low Efficiency
J732,M04,Drilling,2.07,31,2.33,82,2023-03-23 09:50:00,2023-03-23 10:21:00,2023-03-23 09:47:00,2023-03-23 10:18:00,Completed,Low Efficiency
J207,M05,Milling,3.41,21,3.53,82,2023-03-19 18:20:00,2023-03-19 18:41:00,2023-03-19 18:17:00,2023-03-19 18:38:00,Completed,Low Efficiency
J851,M02,Additive,1.63,30,13.94,82,2023-03-24 05:40:00,2023-03-24 06:10:00,,,Failed,Low Efficiency
J830,M04,Milling,2.73,24,3.36,82,2023-03-24 02:10:00,2023-03-24 02:34:00,2023-03-24 02:05:00,2023-03-24 02:29:00,Completed,Low Efficiency
J288,M02,Additive,2.97,36,6.56,82,2023-03-20 07:50:00,2023-03-20 08:26:00,2023-03-20 07:55:00,2023-03-20 08:31:00,Completed,High Efficiency
J884,M02,Grinding,3.58,32,13.96,82,2023-03-24 11:10:00,2023-03-24 11:42:00,2023-03-24 11:08:00,2023-03-24 11:40:00,Completed,Low Efficiency
J165,M04,Milling,3.28,29,7.32,82,2023-03-19 11:20:00,2023-03-19 11:49:00,2023-03-19 11:24:00,2023-03-19 11:53:00,Completed,High Efficiency
J155,M03,Drilling,3.57,40,9.87,82,2023-03-19 09:40:00,2023-03-19 10:20:00,2023-03-19 09:41:00,2023-03-19 10:21:00,Completed,Moderate Efficiency
J920,M04,Additive,4.26,43,9.59,81,2023-03-24 17:10:00,2023-03-24 17:53:00,2023-03-24 17:14:00,2023-03-24 17:57:00,Completed,Moderate Efficiency
J765,M03,Lathe,3.92,21,12.69,81,2023-03-23 15:20:00,2023-03-23 15:41:00,,,Failed,Low Efficiency
J231,M02,Additive,3.44,36,14.64,81,2023-03-19 22:20:00,2023-03-19 22:56:00,,,Failed,Low Efficiency
J009,M02,Drilling,3.49,42,8.97,81,2023-03-18 09:20:00,2023-03-18 10:02:00,2023-03-18 09:23:00,2023-03-18 10:05:00,Completed,Moderate Efficiency
J782,M02,Drilling,1.99,42,7.26,81,2023-03-23 18:10:00,2023-03-23 18:52:00,2023-03-23 18:05:00,2023-03-23 18:47:00,Completed,Low Efficiency
J397,M05,Lathe,4.28,23,8.52,81,2023-03-21 02:00:00,2023-03-21 02:23:00,,,Failed,Low Efficiency
J496,M04,Milling,3.58,38,8.37,81,2023-03-21 18:30:00,2023-03-21 19:08:00,,,Failed,Low Efficiency
J653,M04,Drilling,1.59,21,12.56,81,2023-03-22 20:40:00,2023-03-22 21:01:00,2023-03-22 21:08:00,2023-03-22 21:29:00,Delayed,Low Efficiency
J672,M02,Grinding,1.72,30,7.5,81,2023-03-22 23:50:00,2023-03-23 00:20:00,2023-03-23 00:00:00,2023-03-23 00:30:00,Delayed,Low Efficiency
J379,M01,Additive,4.05,47,5.13,81,2023-03-20 23:00:00,2023-03-20 23:47:00,2023-03-20 22:57:00,2023-03-20 23:44:00,Completed,Low Efficiency
J481,M01,Grinding,1.84,38,8.81,80,2023-03-21 16:00:00,2023-03-21 16:38:00,2023-03-21 16:20:00,2023-03-21 16:58:00,Delayed,Low Efficiency
J462,M05,Grinding,4.34,46,7.51,80,2023-03-21 12:50:00,2023-03-21 13:36:00,2023-03-21 13:02:00,2023-03-21 13:48:00,Delayed,Low Efficiency
J346,M04,Drilling,3.59,29,13.78,80,2023-03-20 17:30:00,2023-03-20 17:59:00,2023-03-20 17:29:00,2023-03-20 17:58:00,Completed,Low Efficiency
J319,M03,Milling,3.45,23,10.48,80,2023-03-20 13:00:00,2023-03-20 13:23:00,2023-03-20 12:58:00,2023-03-20 13:21:00,Completed,Low Efficiency
J308,M01,Additive,1.25,50,3.41,80,2023-03-20 11:10:00,2023-03-20 12:00:00,2023-03-20 11:10:00,2023-03-20 12:00:00,Completed,High Efficiency
J049,M02,Lathe,4.43,33,7.55,80,2023-03-18 16:00:00,2023-03-18 16:33:00,2023-03-18 16:04:00,2023-03-18 16:37:00,Completed,Moderate Efficiency
J463,M02,Grinding,2.31,28,13.03,80,2023-03-21 13:00:00,2023-03-21 13:28:00,2023-03-21 12:55:00,2023-03-21 13:23:00,Completed,Low Efficiency
J507,M01,Drilling,1.45,22,14.51,80,2023-03-21 20:20:00,2023-03-21 20:42:00,2023-03-21 20:32:00,2023-03-21 20:54:00,Delayed,Low Efficiency
J419,M05,Lathe,1.3,43,13.53,80,2023-03-21 05:40:00,2023-03-21 06:23:00,2023-03-21 05:43:00,2023-03-21 06:26:00,Completed,Moderate Efficiency
J263,M04,Lathe,3.65,38,14.87,80,2023-03-20 03:40:00,2023-03-20 04:18:00,2023-03-20 03:42:00,2023-03-20 04:20:00,Completed,Moderate Efficiency
J211,M03,Milling,1.66,25,8.39,80,2023-03-19 19:00:00,2023-03-19 19:25:00,2023-03-19 18:59:00,2023-03-19 19:24:00,Completed,Low Efficiency
J225,M03,Milling,4.52,22,13.02,80,2023-03-19 21:20:00,2023-03-19 21:42:00,2023-03-19 21:20:00,2023-03-19 21:42:00,Completed,Moderate Efficiency
J747,M05,Lathe,2.57,36,13.05,80,2023-03-23 12:20:00,2023-03-23 12:56:00,2023-03-23 12:25:00,2023-03-23 13:01:00,Completed,Moderate Efficiency
J722,M04,Drilling,2.43,40,14.48,80,2023-03-23 08:10:00,2023-03-23 08:50:00,2023-03-23 08:15:00,2023-03-23 08:55:00,Completed,Moderate Efficiency
J868,M04,Milling,2.3,33,7.36,80,2023-03-24 08:30:00,2023-03-24 09:03:00,2023-03-24 08:52:00,2023-03-24 09:25:00,Delayed,Low Efficiency
J163,M01,Milling,4.4,43,10.4,80,2023-03-19 11:00:00,2023-03-19 11:43:00,2023-03-19 10:59:00,2023-03-19 11:42:00,Completed,Low Efficiency
J069,M04,Additive,2.61,29,9.58,80,2023-03-18 19:20:00,2023-03-18 19:49:00,2023-03-18 19:21:00,2023-03-18 19:50:00,Completed,Moderate Efficiency
J099,M05,Additive,1.79,33,3.17,80,2023-03-19 00:20:00,2023-03-19 00:53:00,,,Failed,Low Efficiency
J124,M01,Grinding,4.75,40,4.42,80,2023-03-19 04:30:00,2023-03-19 05:10:00,2023-03-19 04:32:00,2023-03-19 05:12:00,Completed,High Efficiency
